Request ID,Status,Job Title,Start Date,End Date,Work Site Address,Work Site Name,Total Positions,Description,Max Submissions per Vending Status,Full Name,Interviewed?
REQ1001,Cancelled,Network Administrator,2026-03-23,2026-05-19,"171 Pine Rd, Boston, USA",Future Tech,8,Sample job description,3,David Miller,Yes
REQ1002,Closed,UX Designer,2026-01-15,2026-04-20,"912 Oak Ave, Boston, USA",Global Systems Ltd,10,Sample job description,2,Michael Brown,Yes
REQ1003,Cancelled,Project Manager,2026-03-26,2026-04-01,"991 Elm St, Seattle, USA",Creative Minds LLC,1,Sample job description,4,Maria Garcia,No
REQ1004,Active,Business Analyst,2026-03-19,2026-07-14,"766 Maple Dr, Atlanta, USA",Digital Innovations,8,Sample job description,2,Robert Wilson,Yes
REQ1005,Closed,Network Administrator,2026-03-10,2026-07-20,"498 Oak Ave, Atlanta, USA",Future Tech,2,Sample job description,3,David Miller,No
REQ1006,Cancelled,QA Tester,2026-03-31,2026-05-28,"864 Pine Rd, San Francisco, USA",Global Systems Ltd,1,Sample job description,2,Michael Brown,Yes
REQ1007,On Hold,Business Analyst,2026-03-31,2026-05-16,"774 Elm St, Denver, USA",Creative Minds LLC,1,Sample job description,4,Michael Brown,Scheduled
REQ1008,Active,Business Analyst,2026-05-06,2026-04-27,"851 Elm St, Boston, USA",Future Tech,6,Sample job description,5,Sarah Davis,No
REQ1009,Active,Business Analyst,2026-02-11,2026-07-01,"735 Cedar Ln, Denver, USA",Creative Minds LLC,2,Sample job description,4,John Smith,No
REQ1010,Closed,Sales Representative,2026-03-22,2026-03-21,"479 Main St, San Francisco, USA",TechCorp Solutions,3,Sample job description,2,John Smith,Scheduled
REQ1011,Active,System Administrator,2026-03-24,2026-08-03,"311 Maple Dr, Atlanta, USA",Future Tech,5,Sample job description,2,James Anderson,Scheduled
REQ1012,Closed,DevOps Engineer,2026-01-19,2026-06-10,"458 Pine Rd, Chicago, USA",Global Systems Ltd,1,Sample job description,3,Jennifer Lee,No
REQ1013,Closed,Software Engineer,2026-01-23,2026-04-19,"484 Pine Rd, Boston, USA",Innovate Inc,4,Sample job description,1,Sarah Davis,Yes
REQ1014,Closed,Network Administrator,2026-01-20,2026-04-11,"119 Main St, Seattle, USA",Global Systems Ltd,9,Sample job description,5,Jennifer Lee,Yes
REQ1015,Cancelled,Software Engineer,2026-05-01,2026-04-04,"895 Main St, Atlanta, USA",Creative Minds LLC,2,Sample job description,3,Lisa Taylor,No
REQ1016,On Hold,Data Analyst,2026-04-28,2026-08-02,"136 Cedar Ln, Seattle, USA",Global Systems Ltd,2,Sample job description,4,Maria Garcia,No
REQ1017,Closed,Product Manager,2026-03-12,2026-05-02,"413 Oak Ave, Seattle, USA",Future Tech,1,Sample job description,1,Maria Garcia,Scheduled
REQ1018,Active,Financial Analyst,2026-02-01,2026-05-21,"828 Cedar Ln, Austin, USA",Future Tech,2,Sample job description,1,Michael Brown,Yes
REQ1019,Closed,System Administrator,2026-01-30,2026-08-04,"920 Maple Dr, Seattle, USA",Innovate Inc,3,Sample job description,3,Michael Brown,No
REQ1020,Active,Financial Analyst,2026-04-28,2026-06-18,"333 Pine Rd, San Francisco, USA",Cloud Solutions Corp,4,Sample job description,4,James Anderson,No
REQ1021,Closed,Marketing Specialist,2026-03-14,2026-04-02,"473 Elm St, Chicago, USA",TechCorp Solutions,1,Sample job description,4,David Miller,Yes
REQ1022,Cancelled,Product Manager,2026-04-11,2026-06-19,"391 Elm St, New York, USA",Future Tech,10,Sample job description,5,James Anderson,No
REQ1023,Active,QA Tester,2026-04-20,2026-04-23,"579 Cedar Ln, San Francisco, USA",Innovate Inc,5,Sample job description,2,Sarah Davis,No
REQ1024,Closed,UX Designer,2026-03-19,2026-03-28,"874 Cedar Ln, Boston, USA",Data Systems Inc,1,Sample job description,5,Jennifer Lee,No
REQ1025,zero filled,DevOps Engineer,2026-01-19,2026-07-12,"949 Pine Rd, Seattle, USA",Future Tech,10,Sample job description,5,Jennifer Lee,Scheduled
REQ1026,Active,Network Administrator,2026-03-27,2026-04-26,"792 Elm St, Boston, USA",Cloud Solutions Corp,1,Sample job description,2,Emma Johnson,No
REQ1027,On Hold,HR Coordinator,2026-05-01,2026-08-01,"853 Oak Ave, Denver, USA",Cloud Solutions Corp,7,Sample job description,1,Sarah Davis,Scheduled
REQ1028,Active,Product Manager,2026-03-08,2026-04-18,"181 Main St, Chicago, USA",Cloud Solutions Corp,3,Sample job description,5,Lisa Taylor,No
REQ1029,Cancelled,QA Tester,2026-04-04,2026-04-11,"605 Elm St, Boston, USA",Data Systems Inc,3,Sample job description,2,Emma Johnson,No
REQ1030,Active,System Administrator,2026-02-24,2026-07-04,"449 Pine Rd, Austin, USA",Innovate Inc,4,Sample job description,3,Robert Wilson,Yes
REQ1031,Active,Software Engineer,2026-04-20,2026-04-25,"768 Pine Rd, Atlanta, USA",TechCorp Solutions,8,Sample job description,4,James Anderson,Yes
REQ1032,On Hold,HR Coordinator,2026-03-26,2026-07-02,"345 Maple Dr, San Francisco, USA",Global Systems Ltd,6,Sample job description,5,Emma Johnson,No
REQ1033,Active,Financial Analyst,2026-04-24,2026-04-29,"214 Oak Ave, Atlanta, USA",Digital Innovations,1,Sample job description,4,Maria Garcia,Scheduled
REQ1034,Active,DevOps Engineer,2026-03-05,2026-06-09,"874 Maple Dr, Austin, USA",Innovate Inc,7,Sample job description,3,Sarah Davis,No
REQ1035,Cancelled,Project Manager,2026-01-11,2026-03-12,"591 Cedar Ln, Atlanta, USA",Digital Innovations,6,Sample job description,2,Jennifer Lee,No
REQ1036,Active,Marketing Specialist,2026-02-07,2026-04-11,"683 Main St, Boston, USA",Global Systems Ltd,4,Sample job description,2,David Miller,No
REQ1037,Active,System Administrator,2026-04-12,2026-04-24,"629 Maple Dr, Seattle, USA",Innovate Inc,8,Sample job description,1,Robert Wilson,No
REQ1038,On Hold,Financial Analyst,2026-03-18,2026-08-05,"582 Main St, Denver, USA",Creative Minds LLC,6,Sample job description,2,Sarah Davis,Yes
REQ1039,Closed,Data Analyst,2026-02-04,2026-07-17,"131 Main St, San Francisco, USA",Innovate Inc,5,Sample job description,5,Michael Brown,Yes
REQ1040,Active,Marketing Specialist,2026-01-17,2026-07-17,"396 Maple Dr, Denver, USA",Digital Innovations,2,Sample job description,3,Jennifer Lee,No
REQ1041,Active,Financial Analyst,2026-04-08,2026-03-15,"817 Cedar Ln, Denver, USA",Creative Minds LLC,4,Sample job description,4,John Smith,Scheduled
REQ1042,Closed,UX Designer,2026-04-27,2026-07-14,"833 Elm St, Boston, USA",TechCorp Solutions,1,Sample job description,1,Robert Wilson,No
REQ1043,Closed,Sales Representative,2026-02-25,2026-07-30,"889 Elm St, Denver, USA",Cloud Solutions Corp,1,Sample job description,2,James Anderson,Yes
REQ1044,Active,Network Administrator,2026-01-18,2026-06-16,"372 Cedar Ln, Chicago, USA",Innovate Inc,10,Sample job description,1,Michael Brown,Yes
REQ1045,Closed,System Administrator,2026-02-11,2026-06-14,"679 Maple Dr, San Francisco, USA",Data Systems Inc,2,Sample job description,2,Michael Brown,No
REQ1046,Closed,Business Analyst,2026-03-01,2026-04-14,"425 Cedar Ln, Chicago, USA",Creative Minds LLC,6,Sample job description,3,Sarah Davis,No
REQ1047,Active,Product Manager,2026-04-23,2026-07-05,"322 Maple Dr, Seattle, USA",TechCorp Solutions,2,Sample job description,2,Michael Brown,Yes
REQ1048,Closed,Business Analyst,2026-02-15,2026-04-20,"813 Main St, Atlanta, USA",TechCorp Solutions,8,Sample job description,4,Emma Johnson,Scheduled
REQ1049,Closed,DevOps Engineer,2026-03-02,2026-05-16,"243 Pine Rd, Boston, USA",Creative Minds LLC,1,Sample job description,1,Lisa Taylor,Yes
REQ1050,Closed,Marketing Specialist,2026-01-23,2026-03-27,"700 Elm St, Austin, USA",Innovate Inc,6,Sample job description,4,John Smith,No
REQ1051,Closed,HR Coordinator,2026-01-20,2026-05-19,"754 Cedar Ln, Atlanta, USA",Creative Minds LLC,8,Sample job description,5,Lisa Taylor,Yes
REQ1052,zero filled,QA Tester,2026-03-06,2026-06-05,"669 Maple Dr, Denver, USA",Digital Innovations,7,Sample job description,2,David Miller,No
REQ1053,Cancelled,Sales Representative,2026-03-06,2026-07-08,"897 Pine Rd, Chicago, USA",Digital Innovations,2,Sample job description,4,Robert Wilson,No
REQ1054,Active,UX Designer,2026-04-27,2026-06-21,"136 Cedar Ln, Boston, USA",Future Tech,3,Sample job description,5,Maria Garcia,Yes
REQ1055,Closed,DevOps Engineer,2026-04-11,2026-04-19,"418 Main St, Boston, USA",TechCorp Solutions,6,Sample job description,1,James Anderson,Scheduled
REQ1056,Closed,Network Administrator,2026-02-18,2026-05-25,"523 Main St, San Francisco, USA",TechCorp Solutions,10,Sample job description,5,Maria Garcia,No
REQ1057,Closed,Software Engineer,2026-03-18,2026-04-10,"593 Oak Ave, Denver, USA",Creative Minds LLC,6,Sample job description,5,Robert Wilson,No
REQ1058,Closed,Software Engineer,2026-02-23,2026-03-18,"342 Maple Dr, Chicago, USA",Data Systems Inc,5,Sample job description,5,Michael Brown,No
REQ1059,Active,Network Administrator,2026-02-20,2026-07-22,"731 Cedar Ln, San Francisco, USA",Innovate Inc,9,Sample job description,2,Maria Garcia,Scheduled
REQ1060,Active,Data Analyst,2026-04-17,2026-03-28,"923 Main St, New York, USA",Data Systems Inc,1,Sample job description,4,Lisa Taylor,Yes
REQ1061,Closed,Network Administrator,2026-03-20,2026-04-29,"107 Cedar Ln, New York, USA",Cloud Solutions Corp,4,Sample job description,5,John Smith,Scheduled
REQ1062,zero filled,QA Tester,2026-01-25,2026-05-20,"390 Pine Rd, Boston, USA",TechCorp Solutions,1,Sample job description,1,John Smith,Scheduled
REQ1063,Active,Product Manager,2026-01-16,2026-07-26,"994 Pine Rd, Atlanta, USA",Data Systems Inc,5,Sample job description,5,Michael Brown,Yes
REQ1064,Closed,Technical Writer,2026-03-14,2026-06-30,"641 Main St, Denver, USA",Data Systems Inc,10,Sample job description,2,Sarah Davis,Scheduled
REQ1065,On Hold,UX Designer,2026-04-29,2026-04-24,"369 Pine Rd, Austin, USA",Data Systems Inc,1,Sample job description,2,Maria Garcia,Yes
REQ1066,Closed,QA Tester,2026-02-23,2026-03-18,"675 Oak Ave, Seattle, USA",Cloud Solutions Corp,7,Sample job description,3,Robert Wilson,Scheduled
REQ1067,Active,Financial Analyst,2026-04-30,2026-06-20,"727 Cedar Ln, Denver, USA",Innovate Inc,5,Sample job description,5,Maria Garcia,No
REQ1068,Active,Marketing Specialist,2026-02-06,2026-03-26,"442 Pine Rd, Seattle, USA",Digital Innovations,3,Sample job description,4,David Miller,No
REQ1069,zero filled,Marketing Specialist,2026-02-22,2026-05-02,"616 Oak Ave, San Francisco, USA",Global Systems Ltd,8,Sample job description,1,David Miller,No
REQ1070,partially filled,Financial Analyst,2026-05-06,2026-05-13,"426 Main St, Atlanta, USA",Cloud Solutions Corp,2,Sample job description,3,John Smith,Yes
REQ1071,Closed,Network Administrator,2026-04-28,2026-06-15,"924 Cedar Ln, Denver, USA",Data Systems Inc,1,Sample job description,1,Robert Wilson,No
REQ1072,Active,Business Analyst,2026-01-09,2026-03-10,"525 Maple Dr, Chicago, USA",Data Systems Inc,7,Sample job description,1,Emma Johnson,No
REQ1073,Closed,UX Designer,2026-02-22,2026-06-09,"932 Oak Ave, Austin, USA",Creative Minds LLC,8,Sample job description,4,Jennifer Lee,Yes
REQ1074,Active,QA Tester,2026-03-26,2026-04-09,"634 Main St, Denver, USA",Future Tech,9,Sample job description,2,John Smith,Yes
REQ1075,Closed,Technical Writer,2026-04-04,2026-07-05,"731 Elm St, Atlanta, USA",Creative Minds LLC,5,Sample job description,5,John Smith,Yes
REQ1076,Closed,System Administrator,2026-03-28,2026-04-10,"396 Cedar Ln, San Francisco, USA",Cloud Solutions Corp,6,Sample job description,2,Robert Wilson,Yes
REQ1077,Active,Marketing Specialist,2026-04-02,2026-03-12,"603 Elm St, Denver, USA",Innovate Inc,1,Sample job description,2,Robert Wilson,No
REQ1078,Active,Business Analyst,2026-03-05,2026-03-27,"469 Cedar Ln, Chicago, USA",Future Tech,9,Sample job description,3,Sarah Davis,No
REQ1079,Closed,Project Manager,2026-04-12,2026-06-17,"683 Maple Dr, New York, USA",Creative Minds LLC,6,Sample job description,1,Robert Wilson,Yes
REQ1080,Closed,HR Coordinator,2026-03-27,2026-08-03,"455 Maple Dr, New York, USA",Innovate Inc,3,Sample job description,4,Maria Garcia,No
REQ1081,Active,Marketing Specialist,2026-02-05,2026-04-04,"585 Cedar Ln, Austin, USA",Innovate Inc,1,Sample job description,1,Maria Garcia,Scheduled
REQ1082,Cancelled,System Administrator,2026-04-29,2026-07-17,"601 Elm St, Atlanta, USA",Creative Minds LLC,8,Sample job description,1,Michael Brown,No
REQ1083,Closed,Marketing Specialist,2026-04-19,2026-04-24,"528 Main St, Denver, USA",Digital Innovations,1,Sample job description,5,Jennifer Lee,Yes
REQ1084,Closed,Technical Writer,2026-04-28,2026-06-22,"239 Elm St, Boston, USA",Data Systems Inc,7,Sample job description,3,Robert Wilson,Scheduled
REQ1085,Active,Sales Representative,2026-04-29,2026-08-01,"771 Oak Ave, Austin, USA",Data Systems Inc,9,Sample job description,1,Sarah Davis,No
REQ1086,Closed,DevOps Engineer,2026-03-14,2026-04-29,"246 Oak Ave, Seattle, USA",Creative Minds LLC,1,Sample job description,4,Lisa Taylor,Scheduled
REQ1087,Closed,Project Manager,2026-05-09,2026-05-20,"784 Cedar Ln, Seattle, USA",TechCorp Solutions,9,Sample job description,4,James Anderson,No
REQ1088,Closed,Data Analyst,2026-02-21,2026-06-19,"826 Maple Dr, Chicago, USA",TechCorp Solutions,3,Sample job description,2,Michael Brown,Yes
REQ1089,Closed,Business Analyst,2026-03-21,2026-07-28,"223 Elm St, Atlanta, USA",Global Systems Ltd,10,Sample job description,1,Michael Brown,No
REQ1090,On Hold,Network Administrator,2026-03-16,2026-05-28,"568 Oak Ave, Seattle, USA",Data Systems Inc,8,Sample job description,1,James Anderson,No
REQ1091,On Hold,DevOps Engineer,2026-02-25,2026-06-11,"257 Maple Dr, New York, USA",TechCorp Solutions,10,Sample job description,1,Sarah Davis,No
REQ1092,partially filled,DevOps Engineer,2026-04-10,2026-06-14,"358 Main St, San Francisco, USA",TechCorp Solutions,5,Sample job description,5,Lisa Taylor,Scheduled
REQ1093,Active,Data Analyst,2026-01-24,2026-08-07,"563 Pine Rd, New York, USA",TechCorp Solutions,8,Sample job description,1,John Smith,Yes
REQ1094,Closed,Financial Analyst,2026-03-17,2026-03-30,"521 Pine Rd, Austin, USA",Innovate Inc,5,Sample job description,3,Robert Wilson,No
REQ1095,On Hold,Product Manager,2026-01-28,2026-04-27,"269 Pine Rd, Austin, USA",Global Systems Ltd,2,Sample job description,1,David Miller,Scheduled
REQ1096,Cancelled,DevOps Engineer,2026-05-07,2026-06-16,"218 Elm St, Austin, USA",Cloud Solutions Corp,4,Sample job description,5,James Anderson,Yes
REQ1097,Cancelled,System Administrator,2026-02-10,2026-07-15,"225 Elm St, Seattle, USA",Creative Minds LLC,1,Sample job description,1,Maria Garcia,Yes
REQ1098,Active,QA Tester,2026-03-19,2026-07-16,"862 Maple Dr, San Francisco, USA",Innovate Inc,4,Sample job description,2,Lisa Taylor,Scheduled
REQ1099,Active,DevOps Engineer,2026-04-27,2026-07-22,"913 Maple Dr, Boston, USA",Innovate Inc,10,Sample job description,3,Emma Johnson,No
REQ1100,On Hold,QA Tester,2026-02-21,2026-05-11,"450 Maple Dr, Chicago, USA",Innovate Inc,6,Sample job description,4,David Miller,Yes
